family,label,site,flow_ml_min,parameter,parameter_value,baseline_icp_mmhg,outcome_icp_mmhg,delta_icp_mmhg,converged,duration_s,icp_std_mmhg,icp_drift_mmhg_min,max_pressure_drift_mmhg_min,max_pressure_residual_mmhg_min,branches_seen,minimum_Pv_minus_Pic_mmhg
reference_site_comparator,reference_pv_240,Pv,240.0,reference_state,,9.4311262331592,8.880419676300683,0.5507065568585165,True,5400.0,2.211503300140004e-05,3.7980535551810485e-05,3.7980535551810485e-05,3.4982121126580064e-05,0,3.1108445973110737
reference_site_comparator,reference_pvs_240,Pvs,240.0,reference_state,,9.4311262331592,9.204353888361439,0.22677234479776054,True,4800.0,1.3968623314917144e-05,-2.3989372502138266e-05,2.3989372502138266e-05,2.202026834775227e-05,0,4.573001508220999
reference_site_comparator,reference_j3_240,J3,240.0,reference_state,,9.4311262331592,9.24287925054142,0.1882469826177786,True,4800.0,1.1358968264217157e-05,-1.9507572551807538e-05,1.9507572551807538e-05,1.789952163247439e-05,0,4.573001508220999
reference_site_comparator,reference_j2_240,J2,240.0,reference_state,,9.4311262331592,9.277091558682715,0.15403467447648467,True,4200.0,2.1521177655086445e-05,-3.695979338488044e-05,3.695979338488044e-05,3.3901556884486725e-05,0,4.573001508220999
baseline,tbi_baseline,none,0.0,nominal,,22.69811640834893,22.69811640834893,0.0,True,9000.0,2.8670136744888414e-05,4.924256377836718e-05,4.924256377836718e-05,4.616588883308116e-05,0,4.6
control,control,none,0.0,nominal,,22.69811640834893,22.698657334893042,-0.0005409265441116418,True,1200.0,8.48791502139235e-06,1.4578468727140084e-05,1.4578468727140084e-05,1.3667563660503624e-05,0,12.078956058271807
dose_response,dose_pv_60,Pv,60.0,nominal,,22.69811640834893,21.938346741253817,0.7597696670951137,True,6000.0,1.8512867004503535e-05,3.179722514786569e-05,3.179722514786569e-05,2.988656592829643e-05,0,11.086912339050727
dose_response,dose_pv_120,Pv,120.0,nominal,,22.69811640834893,21.17330683397534,1.5248095743735917,True,6600.0,2.5458677622180558e-05,4.372762200667637e-05,4.372762200667637e-05,4.120519886319121e-05,0,10.09154658259725
dose_response,dose_pv_180,Pv,180.0,nominal,,22.69811640834893,20.403784520222,2.29433188812693,True,7200.0,2.7810764150535403e-05,4.7768020877002046e-05,4.7768020877002046e-05,4.512805628768267e-05,0,9.092986694579267
dose_response,dose_pv_240,Pv,240.0,nominal,,22.69811640834893,19.629882901225525,3.0682335071234057,True,7800.0,2.8617982830192076e-05,4.91549761335547e-05,4.91549761335547e-05,4.655826572541865e-05,0,8.091372428995648
dose_response,dose_pv_300,Pv,300.0,nominal,,22.69811640834893,18.851734791406972,3.846381616941958,True,8400.0,2.9308692340020537e-05,5.034181895184466e-05,5.034181895184466e-05,4.780664012735188e-05,0,7.08683227395484
dose_response,dose_pv_360,Pv,360.0,nominal,,22.69811640834893,18.069478399123,4.628638009225931,True,9000.0,3.067013707831118e-05,5.268075916810982e-05,5.268075916810982e-05,5.015985363165717e-05,0,6.079487118575706
dose_response,dose_pv_480,Pv,480.0,nominal,,22.69811640834893,16.493665813395644,6.204450594953286,True,10800.0,2.47134198412351e-05,4.244988043936756e-05,4.244988043936756e-05,4.063924015842326e-05,0,4.0567727400630105
dose_response,dose_pvs_60,Pvs,60.0,nominal,,22.69811640834893,22.631851302670924,0.06626510567800636,True,4800.0,1.6456375937232427e-05,-2.8264765592141955e-05,2.8264765592141955e-05,2.650300968792642e-05,0,12.079036754113535
dose_response,dose_pvs_120,Pvs,120.0,nominal,,22.69811640834893,22.564361187793537,0.13375522055539335,True,5400.0,1.7632887982737095e-05,-3.0285513615977144e-05,3.0285513615977144e-05,2.8402503441658455e-05,0,12.079036779441633
dose_response,dose_pvs_180,Pvs,180.0,nominal,,22.69811640834893,22.49703743983678,0.20107896851214946,True,5400.0,2.67588400049891e-05,-4.595990078159605e-05,4.595990078159605e-05,4.310943969901813e-05,0,12.079036804772137
dose_response,dose_pvs_240,Pvs,240.0,nominal,,22.69811640834893,22.429211266413343,0.268905141935587,True,6000.0,1.9120522945491147e-05,-3.28406598446685e-05,3.28406598446685e-05,3.080901520513189e-05,0,12.079036830101586
dose_response,dose_pvs_300,Pvs,300.0,nominal,,22.69811640834893,22.361677825745797,0.3364385826031331,True,6000.0,2.4189555615099815e-05,-4.154706068380258e-05,4.154706068380258e-05,3.898328676468006e-05,0,12.079036848177463
dose_response,dose_pvs_360,Pvs,360.0,nominal,,22.69811640834893,22.294095622499867,0.4040207858490632,True,6000.0,2.9373537517118633e-05,-5.0450906354310295e-05,5.0450906354310295e-05,4.734558594087135e-05,0,12.079036848177463
dose_response,dose_pvs_480,Pvs,480.0,nominal,,22.69811640834893,22.1582675525625,0.5398488557864312,True,6600.0,2.13993785733228e-05,-3.675483673758801e-05,3.675483673758801e-05,3.4504147168073e-05,0,12.079036848177463
dose_response,dose_j3_60,J3,60.0,nominal,,22.69811640834893,22.66277687305538,0.03533953529355216,True,4200.0,1.669565232173565e-05,-2.867572716469893e-05,2.867572716469893e-05,2.688632296042965e-05,0,12.079036707013238
dose_response,dose_j3_120,J3,120.0,nominal,,22.69811640834893,22.62624214378223,0.0718742645667021,True,4800.0,1.7864331214372695e-05,-3.068301099956514e-05,3.068301099956514e-05,2.877092326991754e-05,0,12.07903674522564
dose_response,dose_j3_180,J3,180.0,nominal,,22.69811640834893,22.589911179534614,0.10820522881431671,True,4800.0,2.7006004220242315e-05,-4.638437498860415e-05,4.638437498860415e-05,4.349766900086452e-05,0,12.079036753446584
dose_response,dose_j3_240,J3,240.0,nominal,,22.69811640834893,22.55311178997765,0.14500461837128142,True,5400.0,1.9150041130218268e-05,-3.289131652645416e-05,3.289131652645416e-05,3.0847144924148445e-05,0,12.079036761665837
dose_response,dose_j3_300,J3,300.0,nominal,,22.69811640834893,22.516645874583602,0.18147053376532796,True,5400.0,2.4088458173526124e-05,-4.137335259275579e-05,4.137335259275579e-05,3.880549483949977e-05,0,12.07903676988676
dose_response,dose_j3_360,J3,360.0,nominal,,22.69811640834893,22.480170347447384,0.21794606090154645,True,5400.0,2.907861761610393e-05,-4.994426577867296e-05,4.994426577867296e-05,4.6848640971918225e-05,0,12.079036778108513
dose_response,dose_j3_480,J3,480.0,nominal,,22.69811640834893,22.40669085024144,0.29142555810749116,True,6000.0,2.0803497555417857e-05,-3.573127944171053e-05,3.573127944171053e-05,3.352268232606938e-05,0,12.079036794549964
dose_response,dose_j2_60,J2,60.0,nominal,,22.69811640834893,22.66889961381325,0.0292167945356816,True,3600.0,2.6476208651419468e-05,-4.547438281484168e-05,4.547438281484168e-05,4.2636058098857264e-05,0,12.079036685391081
dose_response,dose_j2_120,J2,120.0,nominal,,22.69811640834893,22.638251904150355,0.059864504198575474,True,4200.0,2.8340426665447195e-05,-4.867629809402256e-05,4.867629809402256e-05,4.5641545494909645e-05,0,12.079036740417816
dose_response,dose_j2_180,J2,180.0,nominal,,22.69811640834893,22.607396760157393,0.09071964819153777,True,4800.0,2.259777411046258e-05,-3.8812977632351044e-05,3.8812977632351044e-05,3.6395924656092294e-05,0,12.079036746233765
dose_response,dose_j2_240,J2,240.0,nominal,,22.69811640834893,22.57690031355553,0.12121609479340023,True,4800.0,3.0300420731672105e-05,-5.204273304631979e-05,5.204273304631979e-05,4.8805435608766436e-05,0,12.079036752052605
dose_response,dose_j2_300,J2,300.0,nominal,,22.69811640834893,22.54591940390082,0.15219700444810869,True,5400.0,2.0121229844977136e-05,-3.455939259854822e-05,3.455939259854822e-05,3.241212595364047e-05,0,12.079036757869332
dose_response,dose_j2_360,J2,360.0,nominal,,22.69811640834893,22.51532163773123,0.18279477061770066,True,5400.0,2.427011790818533e-05,-4.1685364536885295e-05,4.1685364536885295e-05,3.909827413393416e-05,0,12.079036763685764
dose_response,dose_j2_480,J2,480.0,nominal,,22.69811640834893,22.45370569107015,0.24441071727877883,True,6000.0,1.7314061928227073e-05,-2.9737945758900506e-05,2.9737945758900506e-05,2.78965816395096e-05,0,12.079036775321391
reinfusion_comparator,return_pv_240,Pv,240.0,return_fraction,1.0,22.69811640834893,19.665292941057224,3.0328234672917063,True,7800.0,2.9522272147383913e-05,5.070819129623612e-05,5.070819129623612e-05,4.802545061064691e-05,0,8.08639468287775
reinfusion_comparator,return_pvs_240,Pvs,240.0,return_fraction,1.0,22.69811640834893,22.46431735126472,0.23379905708420878,True,6000.0,1.6527567251796977e-05,-2.8387090492471184e-05,2.8387090492471184e-05,2.662866418756233e-05,0,12.079036826459422
fixed_resistance_comparator,fixed_rvs_baseline,none,0.0,terminal_resistance_mode,fixed_Rvs1,16.26183701308139,16.26183701308139,0.0,True,15000.0,4.0618618233640297e-05,6.977247557395546e-05,6.977247557395546e-05,6.7774440523535e-05,2,2.883540775635044
fixed_resistance_comparator,fixed_rvs_pv_240,Pv,240.0,terminal_resistance_mode,fixed_Rvs1,16.26183701308139,14.216907222755033,2.044929790326357,True,16200.0,4.634919601132698e-05,7.961748486404744e-05,7.961748486404744e-05,7.814819319926493e-05,2,0.43131074044855566
fixed_resistance_comparator,fixed_rvs_pvs_240,Pvs,240.0,terminal_resistance_mode,fixed_Rvs1,16.26183701308139,15.97263635682342,0.28920065625796987,True,7800.0,4.3173802339738236e-05,-7.416165984301986e-05,7.416165984301986e-05,7.205118155357131e-05,2,2.7714948945052242
fixed_resistance_comparator,fixed_rvs_j3_240,J3,240.0,terminal_resistance_mode,fixed_Rvs1,16.26183701308139,16.107340752634755,0.1544962604466349,True,6600.0,4.0399179308816964e-05,-6.939555049207939e-05,6.939555049207939e-05,6.74159105831541e-05,2,2.8227927275202696
fixed_resistance_comparator,fixed_rvs_j2_240,J2,240.0,terminal_resistance_mode,fixed_Rvs1,16.26183701308139,16.13250411924096,0.12933289384043078,True,6600.0,3.35771288746366e-05,-5.76769951904071e-05,5.76769951904071e-05,5.603076548147246e-05,2,2.8325312336949438
matched_sensitivity,sens_r0_1350_pv240,Pv,240.0,R0,1350.0,19.14187899493853,16.65512732417904,2.4867516707594888,True,7200.0,2.4897540589257873e-05,4.276365272821043e-05,4.276365272821043e-05,4.025788415204225e-05,0,8.498614163743692
matched_sensitivity,sens_r0_1800_pv240,Pv,240.0,R0,1800.0,22.69811640834893,19.629882901225525,3.0682335071234057,True,7800.0,2.8617982830192076e-05,4.91549761335547e-05,4.91549761335547e-05,4.655826572541865e-05,0,8.091372428995648
matched_sensitivity,sens_r0_2250_pv240,Pv,240.0,R0,2250.0,25.938999975748168,22.35418036403896,3.5848196117092073,True,8400.0,2.885612001772469e-05,4.956470874067596e-05,4.956470874067596e-05,4.713765497754124e-05,0,7.699234974516212
matched_sensitivity,sens_gaut_0p15_pv240,Pv,240.0,Gaut,0.15,21.849336247924526,18.946440057314785,2.9028961906097415,True,7800.0,3.211334384742011e-05,5.515938974908063e-05,5.515938974908063e-05,5.243328002519168e-05,0,7.616020446962846
matched_sensitivity,sens_gaut_0p3_pv240,Pv,240.0,Gaut,0.3,22.69811640834893,19.629882901225525,3.0682335071234057,True,7800.0,2.8617982830192076e-05,4.91549761335547e-05,4.91549761335547e-05,4.655826572541865e-05,0,8.091372428995648
matched_sensitivity,sens_gaut_0p6_pv240,Pv,240.0,Gaut,0.6,23.50187484993335,20.25809169733632,3.2437831525970324,True,7800.0,2.4521074210837902e-05,4.2117396378077676e-05,4.2117396378077676e-05,3.973471340473354e-05,0,8.528323590639172
matched_sensitivity,sens_ke_0p0616_pv240,Pv,240.0,kE,0.0616,22.698165899427487,19.629560370032532,3.0686055293949543,True,7200.0,3.16772990230515e-05,5.441151752181253e-05,5.441151752181253e-05,5.205272308956931e-05,0,8.091416840060816
matched_sensitivity,sens_ke_0p077_pv240,Pv,240.0,kE,0.077,22.69811640834893,19.629882901225525,3.0682335071234057,True,7800.0,2.8617982830192076e-05,4.91549761335547e-05,4.91549761335547e-05,4.655826572541865e-05,0,8.091372428995648
matched_sensitivity,sens_ke_0p0924_pv240,Pv,240.0,kE,0.0924,22.698412384431148,19.630322326743098,3.0680900576880497,True,7800.0,1.7405089994125972e-05,2.989430158125816e-05,2.989430158125816e-05,2.804538154905856e-05,0,8.091313902612608
matched_sensitivity,sens_a_0p4_pv240,Pv,240.0,A,0.4,22.683427841843116,19.61833771398885,3.0650901278542655,True,7800.0,2.8739113105527718e-05,4.936303855812632e-05,4.936303855812632e-05,4.675690201427697e-05,0,8.092994597336943
matched_sensitivity,sens_a_0p8_pv240,Pv,240.0,A,0.8,22.69811640834893,19.629882901225525,3.0682335071234057,True,7800.0,2.8617982830192076e-05,4.91549761335547e-05,4.91549761335547e-05,4.655826572541865e-05,0,8.091372428995648
matched_sensitivity,sens_a_1p6_pv240,Pv,240.0,A,1.6,22.72776031002385,19.65319622076502,3.0745640892588284,True,7800.0,2.837543181522633e-05,4.873835240920068e-05,4.873835240920068e-05,4.616052889625484e-05,0,8.088095761021915
matched_sensitivity,sens_j3_remaining_fraction_0p075_pv240,Pv,240.0,J3_remaining_fraction,0.075,22.82667693676551,19.724849966632622,3.101826970132887,True,7800.0,2.7398165999641307e-05,4.705973844076555e-05,4.705973844076555e-05,4.4560852268563964e-05,0,8.078016527397846
matched_sensitivity,sens_j3_remaining_fraction_0p15_pv240,Pv,240.0,J3_remaining_fraction,0.15,22.69811640834893,19.629882901225525,3.0682335071234057,True,7800.0,2.8617982830192076e-05,4.91549761335547e-05,4.91549761335547e-05,4.655826572541865e-05,0,8.091372428995648
matched_sensitivity,sens_j3_remaining_fraction_0p3_pv240,Pv,240.0,J3_remaining_fraction,0.3,22.57098107074547,19.535855032725717,3.0351260380197544,True,7800.0,2.9868813169447603e-05,5.130348696467014e-05,5.130348696467014e-05,4.860713722387044e-05,0,8.104574244402826
matched_sensitivity,sens_rvs1_multiplier_1p5_pv240,Pv,240.0,Rvs1_multiplier,1.5,18.670664697974768,16.895245020977022,1.7754196769977462,True,9000.0,2.4194423461815657e-05,4.155805651384088e-05,4.155805651384088e-05,3.9673729851113564e-05,0,4.199238776957131
matched_sensitivity,sens_rvs1_multiplier_3_pv240,Pv,240.0,Rvs1_multiplier,3.0,22.69811640834893,19.629882901225525,3.0682335071234057,True,7800.0,2.8617982830192076e-05,4.91549761335547e-05,4.91549761335547e-05,4.655826572541865e-05,0,8.091372428995648
matched_sensitivity,sens_rvs1_multiplier_6_pv240,Pv,240.0,Rvs1_multiplier,6.0,29.296089653467895,24.32877676606404,4.967312887403857,True,7200.0,1.8690380514089536e-05,3.210124912624028e-05,3.210124912624028e-05,2.998405348542284e-05,0,14.886727694286563
matched_sensitivity,sens_gc3_0_pv240,Pv,240.0,Gc3,0.0,22.926875480102353,19.760388365455718,3.1664871146466353,True,7800.0,2.5321375180248113e-05,4.3492560009626355e-05,4.3492560009626355e-05,4.1174420271399546e-05,0,8.07301322566601
matched_sensitivity,sens_gc3_3p5_pv240,Pv,240.0,Gc3,3.5,22.832888854722466,19.706654215024304,3.1262346396981613,True,7800.0,2.6639165612380682e-05,4.5756060589580926e-05,4.5756060589580926e-05,4.3326186725128095e-05,0,8.080577540881372
matched_sensitivity,sens_gc3_10p715_pv240,Pv,240.0,Gc3,10.715,22.748128215934177,19.65833611754264,3.0897920983915377,True,7800.0,2.7871273500331023e-05,4.787239032977815e-05,4.787239032977815e-05,4.533850462217461e-05,0,8.087373300635448
matched_sensitivity,sens_gc3_21p43_pv240,Pv,240.0,Gc3,21.43,22.69811640834893,19.629882901225525,3.0682335071234057,True,7800.0,2.8617982830192076e-05,4.91549761335547e-05,4.91549761335547e-05,4.655826572541865e-05,0,8.091372428995648
matched_sensitivity,sens_gc3_42p86_pv240,Pv,240.0,Gc3,42.86,22.66092901645837,19.608750267719945,3.0521787487384238,True,7800.0,2.9182802683776295e-05,5.012513971700932e-05,5.012513971700932e-05,4.7481008780981206e-05,0,8.094341342576339
